{
  "iso_pr_auc": 0.05961639928247033,
  "vae_pr_auc": 0.06450162478787208
}