{
  "model": "IsolationForest",
  "pr_auc": 0.4671767939374385,
  "best_thr": -0.2988767845027708,
  "best_f1": 0.6704545454540924,
  "confusion_matrix": [
    [
      5,
      56
    ],
    [
      2,
      59
    ]
  ]
}