{
  "model": "OneClassSVM",
  "pr_auc": 0.42729327647078524,
  "best_thr": -10.275362673721222,
  "best_f1": 0.6666666666662222,
  "confusion_matrix": [
    [
      0,
      61
    ],
    [
      0,
      61
    ]
  ]
}