{
  "model": "VAE",
  "pr_auc": 0.45275292955312857,
  "best_thr": 0.0395754911005497,
  "best_f1": 0.6666666666662222,
  "confusion_matrix": [
    [
      0,
      61
    ],
    [
      0,
      61
    ]
  ]
}